{
  "GWETROOT": {
    "mean": 0.5166364340936312,
    "std": 0.1303992612122833,
    "min": 0.22,
    "max": 1.0,
    "median": 0.5,
    "q25": 0.42,
    "q75": 0.6
  },
  "FROST_DAYS": {
    "mean": 0.23495897465459925,
    "std": 0.4239731770806482,
    "min": 0.0,
    "max": 1.0,
    "median": 0.0,
    "q25": 0.0,
    "q75": 0.0
  },
  "YEAR": {
    "mean": 2016.0,
    "std": 4.319986748319837,
    "min": 2009.0,
    "max": 2023.0,
    "median": 2016.0,
    "q25": 2012.0,
    "q75": 2020.0
  },
  "GDD": {
    "mean": 5.969098819520508,
    "std": 6.444568314094865,
    "min": 0.0,
    "max": 30.810000000000002,
    "median": 4.130000000000001,
    "q25": 0.0,
    "q75": 10.940000000000001
  },
  "T2M_MIN": {
    "mean": 7.251579139524606,
    "std": 10.720081577243286,
    "min": -45.04,
    "max": 35.62,
    "median": 8.57,
    "q25": 0.53,
    "q75": 15.19
  },
  "PRECTOTCORR": {
    "mean": 1.9067451624680534,
    "std": 5.0759714396783275,
    "min": 0.0,
    "max": 283.28,
    "median": 0.12,
    "q25": 0.0,
    "q75": 1.42
  },
  "WS10M_MAX": {
    "mean": 5.785147768105917,
    "std": 2.5442571280074144,
    "min": 0.54,
    "max": 22.62,
    "median": 5.46,
    "q25": 3.89,
    "q75": 7.3
  },
  "VPD": {
    "mean": 0.6321625171271621,
    "std": 0.7059198579075453,
    "min": 0.0,
    "max": 6.672834774529968,
    "median": 0.41602385968710864,
    "q25": 0.1539591740982744,
    "q75": 0.845227602301739
  },
  "DRY_DAYS": {
    "mean": 0.7112821301153578,
    "std": 0.4531664831978607,
    "min": 0.0,
    "max": 1.0,
    "median": 1.0,
    "q25": 0.0,
    "q75": 1.0
  },
  "EVPTRNS": {
    "mean": 1.416253614949799,
    "std": 2.2822543564311717,
    "min": 0.0,
    "max": 19.0,
    "median": 0.31,
    "q25": 0.01,
    "q75": 1.82
  },
  "T2M": {
    "mean": 12.37346377535661,
    "std": 11.334407248123178,
    "min": -41.99,
    "max": 40.81,
    "median": 14.13,
    "q25": 4.98,
    "q75": 20.94
  },
  "RH2M": {
    "mean": 70.6874560442728,
    "std": 18.16151978760254,
    "min": 5.81,
    "max": 100.0,
    "median": 73.13,
    "q25": 58.89,
    "q75": 84.99
  },
  "ALLSKY_SFC_SW_DWN": {
    "mean": 14.894187531625704,
    "std": 8.326136345870529,
    "min": 0.32,
    "max": 35.36,
    "median": 14.64,
    "q25": 7.73,
    "q75": 21.49
  },
  "DOY": {
    "mean": 183.10021905805039,
    "std": 105.42414376021858,
    "min": 1.0,
    "max": 366.0,
    "median": 183.0,
    "q25": 92.0,
    "q75": 274.0
  },
  "T2M_RANGE": {
    "mean": 10.726395149977904,
    "std": 4.298210188375611,
    "min": 0.13,
    "max": 33.8,
    "median": 10.66,
    "q25": 7.53,
    "q75": 13.84
  },
  "T2M_MAX": {
    "mean": 17.97797428950251,
    "std": 12.245215122222204,
    "min": -36.86,
    "max": 48.77,
    "median": 19.75,
    "q25": 10.0,
    "q75": 27.17
  },
  "DRY_SPELL_LENGTH": {
    "mean": 7.438903941123345,
    "std": 17.459157625083208,
    "min": 0.0,
    "max": 322.0,
    "median": 2.0,
    "q25": 0.0,
    "q75": 7.0
  },
  "HEAT_DAYS": {
    "mean": 0.1543846838710504,
    "std": 0.36131710900134,
    "min": 0.0,
    "max": 1.0,
    "median": 0.0,
    "q25": 0.0,
    "q75": 0.0
  }
}